{"cameraMode":{"drawMode":0,"name":"Shaded","section":"Shading Mode"},"sceneLighting":true,"audioPlay":false,"sceneViewState":{"showFog":true,"showMaterialUpdate":false,"showSkybox":true,"showFlares":true,"showImageEffects":true,"showParticleSystems":true},"in2DMode":false,"pivot":{"x":135.15203857421876,"y":341.5209655761719,"z":-297.6832275390625},"rotation":{"x":-0.7182754278182983,"y":-0.13446831703186036,"z":0.1447792500257492,"w":-0.667115330696106},"size":223.1744384765625,"orthographic":false}