{"cameraMode":{"drawMode":0,"name":"Shaded","section":"Shading Mode"},"sceneLighting":true,"audioPlay":false,"sceneViewState":{"showFog":true,"showMaterialUpdate":false,"showSkybox":true,"showFlares":true,"showImageEffects":true,"showParticleSystems":true},"in2DMode":false,"pivot":{"x":80.81678771972656,"y":2.320089817047119,"z":-21.85526466369629},"rotation":{"x":0.4399665296077728,"y":-0.06670365482568741,"z":0.03282724693417549,"w":0.8949692249298096},"size":110.49618530273438,"orthographic":false}